jobId,title,description,jobUrl,postedDate,jdDeadline,company,salaryRange,employmentType,worktype,location,city,state,country,ats
1017916,Delivery Specialist,"Join a Winning Team at Arona Home Essentials! Delivery Specialist Looking for more than just a job? Build a career with a company that's been growing for decades. At Arona Home Essentials , we're proud to be an industry leader with over 50 locations across 13 states and Puerto Rico . While other companies slow down during economic changes, we've continued to grow by investing in our people, delivering exceptional customer service, and providing quality products and services that families rely on. We're building a team of dependable, driven people who take pride in their work and are committed to creating outstanding customer experiences. If you enjoy working with people, solving problems, and being part of a team that makes a difference every day, this could be the opportunity for you. At Arona, your success isn't determined by a college degree—it's determined by your work ethic, reliability, leadership, and results . We promote from within and provide the training, support, and opportunities needed to build a rewarding career. Why You'll Love Working Here At Arona Home Essentials , we believe great employees deserve great rewards. We invest in our people and provide opportunities to grow, succeed, and be recognized for your contributions. Here’s what you can expect as part of the Arona team: Unlimited Bonus &amp; Commission Opportunities – Your effort directly impacts your earnings. Five-Day Work Week – Enjoy two days off each week while maintaining a full-time schedule. Paid Time Off – Vacation days, personal days, and paid holidays. Comprehensive Benefits – Medical, Dental, Vision, Short-Term Disability, Company-Paid Life Insurance, and Long-Term Disability. 401(k) with Company Match – Invest in your future. Career Growth &amp; Development – Ongoing training, leadership development, and advancement opportunities with a company that promotes from within. What You'll Do As a Delivery Specialist , you'll be the face of Arona Home Essentials in our customers' homes. You'll play a key role in delivering products, providing exceptional service, and ensuring every customer has a positive experience from start to finish. Your responsibilities will include: Delivering merchandise safely, professionally, and on schedule. Inspecting products before delivery to ensure merchandise is clean, complete, and operating properly. Loading, securing, and protecting products in delivery vehicles. Safely transporting merchandise while following all company safety standards. Unloading, installing, and demonstrating products to ensure customers understand how to use their merchandise. Providing outstanding customer service during every delivery interaction. Performing routine service calls, product exchanges, and assisting with merchandise returns. Cleaning and certifying returned merchandise in the Quality Assurance Center. Assisting with maintaining an organized showroom floor and warehouse. Supporting occasional customer account and collections efforts when needed. Participating in field marketing programs and community outreach efforts. What We're Looking For We're searching for someone who is: Customer-focused and enjoys helping people. Reliable, dependable, and takes pride in completing quality work. Professional and comfortable representing Arona in customers' homes. Mechanically inclined with strong technical skills or experience working with electronic products. A strong communicator who can explain products and provide solutions. Safety-minded with excellent driving habits. Organized and able to manage delivery schedules effectively. Professional in appearance and attitude. At least 18 years old. Able to safely lift, load, and dolly heavy merchandise as part of daily responsibilities. Able to pass a Motor Vehicle Record (MVR) check and meet company driving requirements. Bilingual? That's a plus! A valid driver's license, satisfactory driving record, and the ability to pass a pre-employment background check, drug screen, agility test, and DOT physical are required prior to employment. Ready to Grow With Us? If you're looking for more than just a job—if you're ready to build a career where your hard work is recognized, your skills are valued, and your opportunities for advancement are real— Arona Home Essentials is the place for you. Apply today and join a company that invests in its people, rewards performance, and celebrates success. Arona Home Essentials is proud to be an Equal Opportunity Employer.",https://arona-home-essentials.hiringthing.com/job/1017916/delivery-specialist,2026-07-14,,Arona Home Essentials,,FULL_TIME,,"HIALEAH, FL",HIALEAH,FL,United States,HiringThing
1042944,Customer Retention Manager,"Arona Home Essentials has a long legacy as an industry leader, with continued growth regardless of the economy.&nbsp;&nbsp;We are built on a foundation of excellence, customer focus,&nbsp;quality products and services. We operate over 50 stores in Iowa, Nebraska, Texas, Illinois, Michigan, Florida, Colorado, Kentucky, Indiana, Missouri, New York, Pennsylvania, and Puerto Rico.&nbsp; We are currently looking to hire a Customer Retention Manager. You will have access to a comprehensive benefits package that includes: Paid time off including vacation days, personal days and holidays Unlimited Bonus &amp; Commission opportunities paid monthly Company paid Life Insurance and Long-Term Disability Insurance Medical, Dental, Vision, Life Insurance and Short-Term Disability 401(k) with a company match Ongoing training and development &nbsp; Responsibilities: Immediate contact of all customers who have not renewed their lease agreement(s) Maintain updated accurate customer information Help support the overall needs of the store by assisting other associates and acting as key holder in the General Manager’s absence Monitor customer payment history and habits and make recommendations to support the customer to ownership Collect money and obtain customer signatures on lease agreements Other tasks as assigned by management Strong leadership skills Good communication and interpersonal skills Professional appearance History of results Aptitude to learn proper collection procedures Effective organization skills Must be 18 years of age or older Position routinely requires lifting, loading and “dollying” merchandise of 50 pounds or more Bi-Lingual a plus!! Requirements: Customer Retention Manager must have a satisfactory MVR (driving record), D.O.T. physical/certification, a valid Driver’s License and comply with the Arona Home Essentials Driver Qualification Policy. &nbsp;Customer Retention Manager must pass a pre-employment drug screening and criminal background investigation.&nbsp; EEOC Statement Arona Home Essentials is an Equal Opportunity Employer.&nbsp;",https://arona-home-essentials.hiringthing.com/job/1042944/customer-retention-manager,2026-07-22,,Arona Home Essentials,,,,"HIALEAH, FL",HIALEAH,FL,United States,HiringThing
1048655,Delivery Specialist,"Arona Home Essentials has a long legacy as an industry leader, with continued growth regardless of the economy.&nbsp; We are built on a foundation of excellence, customer focus, quality products and services. We operate over 50 stores in Iowa, Nebraska, Texas, Illinois, Michigan, Florida, Colorado, Missouri, Kentucky, Puerto Rico, New York, Pennsylvania, and Indiana.&nbsp; We are currently looking for a Delivery Specialist . You will have access to a comprehensive benefits package that includes: Paid time off including vacation days, personal days, and holidays. Unlimited Bonus &amp; Commission opportunities. Five-day work week. Company paid Life Insurance and Long-Term Disability Insurance. Medical, Dental, Vision, Life Insurance and Short-Term Disability. 401(k) with a company match. Ongoing training and development. Job Duties Customer Deliveries. Ensure all merchandise is clean and in operating condition prior to delivery. Load, secure and protect product in delivery vehicle and safely transport merchandise. Ensure delivery schedule is followed. Offload, install and demonstrate merchandise to achieve maximum customer satisfaction. Perform routine service calls, product exchanges and assist with merchandise returns. Clean and certify merchandise in the Quality Assurance Center for all items personally returned. Assist in maintaining the showroom floor and store’s warehouse. Occasional collections assistance. Assist in field marketing programs. Position Requirements: Strong technical skills or working knowledge of electronic products. Position routinely requires lifting, loading, and “dollying"" heavy merchandise. Maintain professional appearance. Good driving skills, ability to pass a Motor Vehicle background check. Must be 18 years of age or older. Ability to pass a pre-employment background check, drug screen, agility test and DOT physical. Bi-lingual is a PLUS! Delivery Drivers must have a satisfactory MVR (driving record), D.O.T. physical/certification in states that require it, a valid Driver’s License and comply with the Arona Home Essentials Driver Qualification Policy. &nbsp; All Delivery Drivers must pass a drug screen and criminal background investigation before beginning employment.&nbsp; EEOC Statement Arona Home Essentials is an Equal Opportunity Employer.&nbsp;",https://arona-home-essentials.hiringthing.com/job/1048655/delivery-specialist,2026-08-12,,Arona Home Essentials,,,,"MIAMI, FL",MIAMI,FL,United States,HiringThing
1042936,Customer Retention Manager,"Arona Home Essentials has a long legacy as an industry leader, with continued growth regardless of the economy.&nbsp;&nbsp;We are built on a foundation of excellence, customer focus,&nbsp;quality products and services. We operate over 50 stores in Iowa, Nebraska, Texas, Illinois, Michigan, Florida, Colorado, Kentucky, Indiana, Missouri, New York, Pennsylvania, and Puerto Rico.&nbsp; We are currently looking to hire a Customer Retention Manager. You will have access to a comprehensive benefits package that includes: Paid time off including vacation days, personal days and holidays Unlimited Bonus &amp; Commission opportunities paid monthly Company paid Life Insurance and Long-Term Disability Insurance Medical, Dental, Vision, Life Insurance and Short-Term Disability 401(k) with a company match Ongoing training and development &nbsp; Responsibilities: Immediate contact of all customers who have not renewed their lease agreement(s) Maintain updated accurate customer information Help support the overall needs of the store by assisting other associates and acting as key holder in the General Manager’s absence Monitor customer payment history and habits and make recommendations to support the customer to ownership Collect money and obtain customer signatures on lease agreements Other tasks as assigned by management Strong leadership skills Good communication and interpersonal skills Professional appearance History of results Aptitude to learn proper collection procedures Effective organization skills Must be 18 years of age or older Position routinely requires lifting, loading and “dollying” merchandise of 50 pounds or more Bi-Lingual a plus!! Requirements: Customer Retention Manager must have a satisfactory MVR (driving record), D.O.T. physical/certification, a valid Driver’s License and comply with the Arona Home Essentials Driver Qualification Policy. &nbsp;Customer Retention Manager must pass a pre-employment drug screening and criminal background investigation.&nbsp; EEOC Statement Arona Home Essentials is an Equal Opportunity Employer.&nbsp;",https://arona-home-essentials.hiringthing.com/job/1042936/customer-retention-manager,2026-07-22,,Arona Home Essentials,,,,"MIAMI, FL",MIAMI,FL,United States,HiringThing
1042942,Marketing and Growth Associate,"Join a Winning Team at Arona Home Essentials! &nbsp; At Arona Home Essentials , we believe great employees deserve great rewards. We’re building a team of ambitious, competitive people who are driven to succeed. If you enjoy helping customers, thrive in a fast-paced environment, and are motivated by achieving goals and earning rewards for your performance, you'll fit right in. At Arona, your success isn't determined by a college degree—it’s determined by your work ethic, leadership, and results . We promote from within and provide the training, support, and opportunities needed to build a rewarding career. &nbsp; Whether you're launching your career or looking for your next opportunity, you'll have the chance to grow, earn more, and make an impact. &nbsp; Here’s what you can expect as part of the Arona team: Unlimited Bonus &amp; Commission Opportunities – Your effort directly impacts your earnings. Five-Day Work Week – Enjoy two days off each week while maintaining a full-time schedule. Paid Time Off – Vacation, personal days, and paid holidays. Comprehensive Benefits – Medical, Dental, Vision, Short-Term Disability, Company-Paid Life Insurance, and Long-Term Disability. 401(k) with Company Match – Invest in your future. Career Growth &amp; Development – Ongoing training, leadership development, and advancement opportunities with a company that promotes from within. &nbsp; What You'll Do No two days are the same! As a Marketing &amp; Growth Associate , you'll play a key role in growing the business, delivering outstanding customer service, and creating an exceptional customer experience. You'll: Build lasting relationships with new and existing customers. Process customer payments and lease agreements. Assist customers on the showroom floor and provide exceptional service. Answer incoming calls and connect customers with the right team members. Maintain accurate customer records and account information. Support marketing efforts and customer outreach campaigns. Keep the showroom clean, organized, and inviting. Work alongside the Sales Manager to identify sales opportunities. Help create an exceptional customer experience every day. &nbsp; What We're Looking For We're searching for someone who is: Friendly, outgoing, and enjoys working with people. Motivated to succeed and earn performance-based bonuses. Organized with strong communication skills. Comfortable using computers and learning new systems. Professional with excellent phone and customer service skills. At least 18 years old. Able to lift, move, and transport merchandise as part of daily responsibilities. Bilingual? That's a plus! &nbsp; A valid driver's license, satisfactory driving record (MVR), and the ability to pass a DOT physical (where required), drug screen, criminal background check, and agility test are required before employment. Ready to Grow With Us? If you're looking for more than just a job—if you're ready to build a career where your hard work is recognized, your earning potential is unlimited, and your opportunities for advancement are real— Arona Home Essentials is the place for you. Apply today and join a company that invests in its people, rewards performance, and celebrates success. Arona Home Essentials is proud to be an Equal Opportunity Employer. &nbsp; &nbsp;",https://arona-home-essentials.hiringthing.com/job/1042942/marketing-and-growth-associate,2026-07-22,,Arona Home Essentials,,FULL_TIME,,"WEST PALM BEACH, FL",WEST PALM BEACH,FL,United States,HiringThing
895379,Customer Retention Associate,"Arona Home Essentials has a long legacy as an industry leader, with continued growth regardless of the economy in the Rent-to-own industry.&nbsp;&nbsp;We are built on a foundation of excellence, customer focus,&nbsp;quality products and services. We are dedicated to building a diverse community, one where employees feel a sense of belonging, and are valued for their contributions. We currently operate 55 stores in 13 states, including Puerto Rico.&nbsp; We are looking to hire a CUSTOMER RETENTION ASSOCIATE to join Team Arona!&nbsp; Visit us online at https://aronarents.com You will have comprehensive benefits package that includes: Paid time off including vacation days, personal days, and holidays. Ongoing training and development - we promote within. Unlimited Bonus &amp; Commission opportunities paid monthly. Five-day work week! Company paid Life Insurance and Long-Term Disability Insurance Medical, Dental, Vision, Life Insurance and Short-Term Disability 401(k) with a company match Job Duties Responsible for assisting the Customer Accounts Department with lease agreement renewals. Act as a customer counselor by discussing benefits of timely lease agreement renewal payments. Collect Revenues and Protect Company Assets. Contact customers directly who have not paid their Lease agreement(s). Contact customers over the phone and through field visits. Maintain and update customer database. Assist with merchandise returns and customer deliveries up to 5-25 hours per week. Clean and certify returned merchandise in the Quality Assurance Center. Assist in the field when necessary. Position Requirements Good communication and interpersonal relationship skills. Position routinely requires lifting, loading, and “dollying"" merchandise 50-300 pounds. Maintain professional appearance. Must be 18 years of age or older. Good driving skills with the ability to legally drive the company truck. Bi-lingual is a PLUS! Customer Retention Associate must have a satisfactory MVR (driving record), D.O.T. physical/certification in states that require it, a valid Driver’s License and comply with the Arona Home Essentials Driver Qualification Policy.&nbsp; All Customer Retention&nbsp;Associates must pass a drug screen and criminal background investigation before beginning employment.&nbsp; EEOC Statement Arona Home Essentials is an Equal Opportunity Employer",https://arona-home-essentials.hiringthing.com/job/895379/customer-retention-associate,2026-07-22,,Arona Home Essentials,,,,"CEDAR RAPIDS, IA",CEDAR RAPIDS,IA,United States,HiringThing
1040913,Customer Retention Manager,"Arona Home Essentials has a long legacy as an industry leader, with continued growth regardless of the economy.&nbsp;&nbsp;We are built on a foundation of excellence, customer focus,&nbsp;quality products and services. We operate over 50 stores in Iowa, Nebraska, Texas, Illinois, Michigan, Florida, Colorado, Kentucky, Indiana, Missouri, New York, Pennsylvania, and Puerto Rico.&nbsp; We are currently looking to hire a Customer Retention Manager. You will have access to a comprehensive benefits package that includes: Paid time off including vacation days, personal days and holidays Unlimited Bonus &amp; Commission opportunities paid monthly Company paid Life Insurance and Long-Term Disability Insurance Medical, Dental, Vision, Life Insurance and Short-Term Disability 401(k) with a company match Ongoing training and development &nbsp; Responsibilities: Immediate contact of all customers who have not renewed their lease agreement(s) Maintain updated accurate customer information Help support the overall needs of the store by assisting other associates and acting as key holder in the General Manager’s absence Monitor customer payment history and habits and make recommendations to support the customer to ownership Collect money and obtain customer signatures on lease agreements Other tasks as assigned by management Strong leadership skills Good communication and interpersonal skills Professional appearance History of results Aptitude to learn proper collection procedures Effective organization skills Must be 18 years of age or older Position routinely requires lifting, loading and “dollying” merchandise of 50 pounds or more Bi-Lingual a plus!! Requirements: Customer Retention Manager must have a satisfactory MVR (driving record), D.O.T. physical/certification, a valid Driver’s License and comply with the Arona Home Essentials Driver Qualification Policy. &nbsp;Customer Retention Manager must pass a pre-employment drug screening and criminal background investigation.&nbsp; EEOC Statement Arona Home Essentials is an Equal Opportunity Employer.&nbsp;",https://arona-home-essentials.hiringthing.com/job/1040913/customer-retention-manager,2026-07-14,,Arona Home Essentials,,,,"CEDAR RAPIDS, IA",CEDAR RAPIDS,IA,United States,HiringThing
1042903,Marketing & Growth Associate,"Join a Winning Team at Arona Home Essentials! &nbsp; At Arona Home Essentials , we believe great employees deserve great rewards. We’re building a team of ambitious, competitive people who are driven to succeed. If you enjoy helping customers, thrive in a fast-paced environment, and are motivated by achieving goals and earning rewards for your performance, you'll fit right in. At Arona, your success isn't determined by a college degree—it’s determined by your work ethic, leadership, and results . We promote from within and provide the training, support, and opportunities needed to build a rewarding career. &nbsp; Whether you're launching your career or looking for your next opportunity, you'll have the chance to grow, earn more, and make an impact. &nbsp; Here’s what you can expect as part of the Arona team: Unlimited Bonus &amp; Commission Opportunities – Your effort directly impacts your earnings. Five-Day Work Week – Enjoy two days off each week while maintaining a full-time schedule. Paid Time Off – Vacation, personal days, and paid holidays. Comprehensive Benefits – Medical, Dental, Vision, Short-Term Disability, Company-Paid Life Insurance, and Long-Term Disability. 401(k) with Company Match – Invest in your future. Career Growth &amp; Development – Ongoing training, leadership development, and advancement opportunities with a company that promotes from within. &nbsp; What You'll Do No two days are the same! As a Marketing &amp; Growth Associate , you'll play a key role in growing the business, delivering outstanding customer service, and creating an exceptional customer experience. You'll: Build lasting relationships with new and existing customers. Process customer payments and lease agreements. Assist customers on the showroom floor and provide exceptional service. Answer incoming calls and connect customers with the right team members. Maintain accurate customer records and account information. Support marketing efforts and customer outreach campaigns. Keep the showroom clean, organized, and inviting. Work alongside the Sales Manager to identify sales opportunities. Help create an exceptional customer experience every day. &nbsp; What We're Looking For We're searching for someone who is: Friendly, outgoing, and enjoys working with people. Motivated to succeed and earn performance-based bonuses. Organized with strong communication skills. Comfortable using computers and learning new systems. Professional with excellent phone and customer service skills. At least 18 years old. Able to lift, move, and transport merchandise as part of daily responsibilities. Bilingual? That's a plus! &nbsp; A valid driver's license, satisfactory driving record (MVR), and the ability to pass a DOT physical (where required), drug screen, criminal background check, and agility test are required before employment. Ready to Grow With Us? If you're looking for more than just a job—if you're ready to build a career where your hard work is recognized, your earning potential is unlimited, and your opportunities for advancement are real— Arona Home Essentials is the place for you. Apply today and join a company that invests in its people, rewards performance, and celebrates success. Arona Home Essentials is proud to be an Equal Opportunity Employer. &nbsp; &nbsp;",https://arona-home-essentials.hiringthing.com/job/1042903/marketing-growth-associate,2026-07-22,,Arona Home Essentials,,FULL_TIME,,"DES MOINES, IA",DES MOINES,IA,United States,HiringThing
965380,General Manager,"Arona Home Essentials has a long legacy as an industry leader, with continued growth regardless of the economy.&nbsp;&nbsp;We are built on a foundation of excellence, customer focus, quality products and services. We operate over 50 stores in Iowa, Nebraska, Texas, Illinois, Michigan, Florida, Colorado, Missouri, Kentucky, Puerto Rico, and Indiana.&nbsp; We are currently looking for a General Manager. &nbsp;&nbsp; As a General Manager with Arona Home Essentials your Salary opportunity is UNLIMITED! &nbsp; We have several General Managers rewarded for their performance at a level of $100,000, or above annually.&nbsp; There is opportunity for salary increases twice a year and you earn 5% of every profit dollar.&nbsp; Tenure is not considered when reviewing salary and bonus potential as we are committed to rewarding our top performers.&nbsp; Performance is EVERYTHING at Arona Home Essentials!&nbsp; Come see why the difference is personal at Arona Home Essentials, connect with us today! You will have access to a comprehensive benefits package that includes: Paid time off including vacation days, personal days, and holidays. Annual Nation Managers Meeting. Unlimited Bonus &amp; Commission opportunities paid monthly. Five-day work week. Company paid Life Insurance and Long-Term Disability Insurance. Medical, Dental, Vision, Life Insurance and Short-Term Disability. 401(k) with a company match. Ongoing training and development. As a General Manager, you will be responsible for driving and managing the overall P&amp;L of the store. General Manager Candidates must be successful in various facets of store management including: asset management customer growth maintenance revenue production associate development inventory control Strong leadership skills combined with the ability to motivate and lead store associates are critical to success as an Arona Home Essentials General Manager. Job Duties : STORE OPERATIONS: Ensure all returned merchandise is certified, reclassified, and priced. Ensure accurate and timely bank deposits. Ensure that all company vehicles are maintained within safe operating standards. Ensure the protection of store assets and reconcile inventories weekly. Ensure that Quality Control Calls are completed on all new lease agreements within 1 business&nbsp;day of delivery. Manage inventory supply to always ensure adequate availability of merchandise. Accurately report financial measures and transactions. Manage the store to achieve planned growth and profit goals. MANAGE ASSOCIATES: Recruit, hire, train and develop the best team of associates for your store to ensure efficient and successful operations. Schedule associate coverage to ensure published hours of store operations are met. CUSTOMER CARE AND SERVICE: Close all lease agreements with a mind towards customer service, establishing a long-term relationship, and safeguarding company assets. Personal responsibility for management of all renewal activity. Personally, authorize all returns with a focus on customer relationship and ownership. Ensure execution of all customer service programs, company guidelines and policies. Job Requirements: Proven demonstration of strong leadership, communication, and interpersonal skills. High level of energy. Maintain professional appearance. A history of demonstrated selling skills. Effective organizational skills. Proven managerial skills. Clean driving record Must be 18 years of age or older Bi-lingual is a PLUS! General Manager must have a satisfactory MVR (driving record), D.O.T. physical/certification in states that require it, a valid Driver’s License and comply with the Arona Home Essentials Driver Qualification Policy.&nbsp; General Manager must pass a drug screen and criminal background investigation before beginning employment.&nbsp; EEOC Statement Arona Home Essentials Equal Opportunity Employer.&nbsp;",https://arona-home-essentials.hiringthing.com/job/965380/general-manager,2026-07-22,,Arona Home Essentials,,,,"DES MOINES, IA",DES MOINES,IA,United States,HiringThing
977433,Marketing and Growth Associate,"Join a Winning Team at Arona Home Essentials! &nbsp; At Arona Home Essentials , we believe great employees deserve great rewards. We’re building a team of ambitious, competitive people who are driven to succeed. If you enjoy helping customers, thrive in a fast-paced environment, and are motivated by achieving goals and earning rewards for your performance, you'll fit right in. At Arona, your success isn't determined by a college degree—it’s determined by your work ethic, leadership, and results . We promote from within and provide the training, support, and opportunities needed to build a rewarding career. &nbsp; Whether you're launching your career or looking for your next opportunity, you'll have the chance to grow, earn more, and make an impact. &nbsp; Here’s what you can expect as part of the Arona team: Unlimited Bonus &amp; Commission Opportunities – Your effort directly impacts your earnings. Five-Day Work Week – Enjoy two days off each week while maintaining a full-time schedule. Paid Time Off – Vacation, personal days, and paid holidays. Comprehensive Benefits – Medical, Dental, Vision, Short-Term Disability, Company-Paid Life Insurance, and Long-Term Disability. 401(k) with Company Match – Invest in your future. Career Growth &amp; Development – Ongoing training, leadership development, and advancement opportunities with a company that promotes from within. &nbsp; What You'll Do No two days are the same! As a Marketing &amp; Growth Associate , you'll play a key role in growing the business, delivering outstanding customer service, and creating an exceptional customer experience. You'll: Build lasting relationships with new and existing customers. Process customer payments and lease agreements. Assist customers on the showroom floor and provide exceptional service. Answer incoming calls and connect customers with the right team members. Maintain accurate customer records and account information. Support marketing efforts and customer outreach campaigns. Keep the showroom clean, organized, and inviting. Work alongside the Sales Manager to identify sales opportunities. Help create an exceptional customer experience every day. &nbsp; What We're Looking For We're searching for someone who is: Friendly, outgoing, and enjoys working with people. Motivated to succeed and earn performance-based bonuses. Organized with strong communication skills. Comfortable using computers and learning new systems. Professional with excellent phone and customer service skills. At least 18 years old. Able to lift, move, and transport merchandise as part of daily responsibilities. Bilingual? That's a plus! &nbsp; A valid driver's license, satisfactory driving record (MVR), and the ability to pass a DOT physical (where required), drug screen, criminal background check, and agility test are required before employment. Ready to Grow With Us? If you're looking for more than just a job—if you're ready to build a career where your hard work is recognized, your earning potential is unlimited, and your opportunities for advancement are real— Arona Home Essentials is the place for you. Apply today and join a company that invests in its people, rewards performance, and celebrates success. Arona Home Essentials is proud to be an Equal Opportunity Employer. &nbsp; &nbsp;",https://arona-home-essentials.hiringthing.com/job/977433/marketing-and-growth-associate,2026-07-22,,Arona Home Essentials,$15 - $17 hourly,FULL_TIME,,"FORT DODGE, IA",FORT DODGE,IA,United States,HiringThing
1044742,Customer Retention Manager,"Arona Home Essentials has a long legacy as an industry leader, with continued growth regardless of the economy.&nbsp;&nbsp;We are built on a foundation of excellence, customer focus,&nbsp;quality products and services. We operate over 50 stores in Iowa, Nebraska, Texas, Illinois, Michigan, Florida, Colorado, Kentucky, Indiana, Missouri, New York, Pennsylvania, and Puerto Rico.&nbsp; We are currently looking to hire a Customer Retention Manager. You will have access to a comprehensive benefits package that includes: Paid time off including vacation days, personal days and holidays Unlimited Bonus &amp; Commission opportunities paid monthly Company paid Life Insurance and Long-Term Disability Insurance Medical, Dental, Vision, Life Insurance and Short-Term Disability 401(k) with a company match Ongoing training and development &nbsp; Responsibilities: Immediate contact of all customers who have not renewed their lease agreement(s) Maintain updated accurate customer information Help support the overall needs of the store by assisting other associates and acting as key holder in the General Manager’s absence Monitor customer payment history and habits and make recommendations to support the customer to ownership Collect money and obtain customer signatures on lease agreements Other tasks as assigned by management Strong leadership skills Good communication and interpersonal skills Professional appearance History of results Aptitude to learn proper collection procedures Effective organization skills Must be 21 years of age or older Position routinely requires lifting, loading and “dollying” merchandise of 50 pounds or more Bi-Lingual a plus!! Requirements: Customer Retention Manager must have a satisfactory MVR (driving record), D.O.T. physical/certification, a valid Driver’s License and comply with the Arona Home Essentials Driver Qualification Policy. &nbsp;Customer Retention Manager must pass a pre-employment drug screening and criminal background investigation.&nbsp; EEOC Statement Arona Home Essentials is an Equal Opportunity Employer.&nbsp;",https://arona-home-essentials.hiringthing.com/job/1044742/customer-retention-manager,2026-07-29,,Arona Home Essentials,,,,"IOWA CITY, IA",IOWA CITY,IA,United States,HiringThing
1028806,Delivery Specialist,"Join a Winning Team at Arona Home Essentials! Delivery Specialist Looking for more than just a job? Build a career with a company that's been growing for decades. At Arona Home Essentials , we're proud to be an industry leader with over 50 locations across 13 states and Puerto Rico . While other companies slow down during economic changes, we've continued to grow by investing in our people, delivering exceptional customer service, and providing quality products and services that families rely on. We're building a team of dependable, driven people who take pride in their work and are committed to creating outstanding customer experiences. If you enjoy working with people, solving problems, and being part of a team that makes a difference every day, this could be the opportunity for you. At Arona, your success isn't determined by a college degree—it's determined by your work ethic, reliability, leadership, and results . We promote from within and provide the training, support, and opportunities needed to build a rewarding career. Why You'll Love Working Here At Arona Home Essentials , we believe great employees deserve great rewards. We invest in our people and provide opportunities to grow, succeed, and be recognized for your contributions. Here’s what you can expect as part of the Arona team: Unlimited Bonus &amp; Commission Opportunities – Your effort directly impacts your earnings. Five-Day Work Week – Enjoy two days off each week while maintaining a full-time schedule. Paid Time Off – Vacation days, personal days, and paid holidays. Comprehensive Benefits – Medical, Dental, Vision, Short-Term Disability, Company-Paid Life Insurance, and Long-Term Disability. 401(k) with Company Match – Invest in your future. Career Growth &amp; Development – Ongoing training, leadership development, and advancement opportunities with a company that promotes from within. What You'll Do As a Delivery Specialist , you'll be the face of Arona Home Essentials in our customers' homes. You'll play a key role in delivering products, providing exceptional service, and ensuring every customer has a positive experience from start to finish. Your responsibilities will include: Delivering merchandise safely, professionally, and on schedule. Inspecting products before delivery to ensure merchandise is clean, complete, and operating properly. Loading, securing, and protecting products in delivery vehicles. Safely transporting merchandise while following all company safety standards. Unloading, installing, and demonstrating products to ensure customers understand how to use their merchandise. Providing outstanding customer service during every delivery interaction. Performing routine service calls, product exchanges, and assisting with merchandise returns. Cleaning and certifying returned merchandise in the Quality Assurance Center. Assisting with maintaining an organized showroom floor and warehouse. Supporting occasional customer account and collections efforts when needed. Participating in field marketing programs and community outreach efforts. What We're Looking For We're searching for someone who is: Customer-focused and enjoys helping people. Reliable, dependable, and takes pride in completing quality work. Professional and comfortable representing Arona in customers' homes. Mechanically inclined with strong technical skills or experience working with electronic products. A strong communicator who can explain products and provide solutions. Safety-minded with excellent driving habits. Organized and able to manage delivery schedules effectively. Professional in appearance and attitude. At least 18 years old. Able to safely lift, load, and dolly heavy merchandise as part of daily responsibilities. Able to pass a Motor Vehicle Record (MVR) check and meet company driving requirements. Bilingual? That's a plus! A valid driver's license, satisfactory driving record, and the ability to pass a pre-employment background check, drug screen, agility test, and DOT physical are required prior to employment. Ready to Grow With Us? If you're looking for more than just a job—if you're ready to build a career where your hard work is recognized, your skills are valued, and your opportunities for advancement are real— Arona Home Essentials is the place for you. Apply today and join a company that invests in its people, rewards performance, and celebrates success. Arona Home Essentials is proud to be an Equal Opportunity Employer.",https://arona-home-essentials.hiringthing.com/job/1028806/delivery-specialist,2026-07-22,,Arona Home Essentials,,FULL_TIME,,"MASON CITY, IA",MASON CITY,IA,United States,HiringThing
888129,Marketing & Growth Associate,"Arona Home Essentials has a long legacy as an industry leader, with continued growth regardless of the economy.&nbsp; We are built on a foundation of excellence, customer focus, quality products and services. We operate over 50 stores in Iowa, Nebraska, Texas, New York, Pennsylvania, Illinois, Michigan, Florida, Colorado, Missouri, Kentucky, Puerto Rico, and Indiana.&nbsp; We are currently looking for a Marketing and Growth Associate. You will have access to a comprehensive benefits package that includes: Paid time off including vacation days, personal days, and holidays. Unlimited Bonus &amp; Commission opportunities. Five-day work week. Company paid Life Insurance and Long-Term Disability Insurance. Medical, Dental, Vision, Life Insurance and Short-Term Disability. 401(k) with a company match. Ongoing training and development. Job Duties: The Acquisition and Maintenance of Customers. Accept and process current customer payments. Process Order Forms and references. Input customer information into the store computer for new lease agreements. Update customer information and account status in the store's computer system. Answer incoming telephone calls and route them to appropriate person-as per the first up system. File and maintain customer folders and records. Assist customers on the showroom floor. Direct customer opportunities immediately to the Sales Manager as it relates to sales and service. Maintain the appearance and organization of the customer transaction counter. Assist in the maintenance of the showroom through cleaning, organizing, merchandising, and pricing as per the first up system and as directed by management. Maintain regular mailing campaign. Other tasks as assigned by management. Position Requirements: Excellent interpersonal skills are required for daily customer contact. Professional appearance. Good communication and organizational skills. Excellent telephone etiquette. Strong sales skills-showroom and telephone. Must be 18 years of age or older. Position routinely requires lifting, loading, and dollying heavy merchandise. Pre-employment background check, drug test, agility test and DOT physical. Bi-lingual is a PLUS! Marketing &amp; Growth Associates must have a satisfactory MVR (driving record), D.O.T. physical/certification in states that require it, a valid Driver’s License and comply with the Arona Home Essentials Driver Qualification Policy.&nbsp; All Marketing and Growth Associates must pass a drug screen and criminal background investigation before beginning employment.&nbsp; EEOC Statement Arona Home Essentials is an Equal Opportunity Employer.",https://arona-home-essentials.hiringthing.com/job/888129/marketing-growth-associate,2026-07-27,,Arona Home Essentials,,,,"OTTUMWA, IA",OTTUMWA,IA,United States,HiringThing
1042973,Human Resources Generalist,"Human Resources Generalist &nbsp; Location: West Des Moines, Iowa Job Type: Full-Time, non-exempt Position Summary: Arona Corporation is seeking a dynamic and hands-on Human Resources Generalist to support our family office and a portfolio of operating companies under Bernau Capital Partners. This role will serve as a strategic and operational HR partner across multiple businesses and industries, helping drive talent acquisition, employee relations, compliance, performance management, compensation administration, and organizational development initiatives. The ideal candidate is highly adaptable, business-minded, discreet, and comfortable operating in a fast-paced entrepreneurial environment . This individual will work closely with human resource team to build scalable HR processes and foster strong workplace cultures across the portfolio. What We Offer: Competitive salary based on experience Performance-based bonus opportunity Comprehensive health, dental, and vision, life, disability and flex spending benefits Company paid basic life and long-term disability 401(k) with company match Paid time off and holidays Professional development opportunities Reward and recognition program Key Responsibilities : Manage day-to-day HR operations across multiple portfolio companies and affiliated entities. Administer onboarding, offboarding, employee records, HRIS systems, and benefits enrollment. Coordinate recruiting efforts for exempt and non-exempt positions across portfolio companies. Partner with leadership teams to identify staffing needs and organizational priorities. Manage job postings, candidate screening, interview coordination, offer letters, and onboarding processes. Assist in developing succession planning and workforce development initiatives. Maintain confidentiality regarding compensation, ownership structures, and executive matters. Ensure compliance with wage and hour laws, I-9 verification, OSHA requirements, and employment regulations. Assist with audits, workers’ compensation claims, unemployment claims, and leave administration. Assist in standardizing HR processes and best practices across portfolio companies. Support integration efforts for newly acquired businesses. Participate in special projects related to organizational growth, restructuring, and operational improvements. Reviews, tracks, and documents compliance with mandatory and non-mandatory training, continuing education, and work assessments. This may include safety training, anti-harassment training, professional licensure, and aptitude exams and certifications. Conducts or acquires background checks and employee eligibility verifications. Performs routine tasks required to administer and execute human resource programs including but not limited to compensation, benefits, and leave; disciplinary matters; disputes and investigations; performance and talent management; productivity, recognition, and morale; occupational health and safety; and training and development. Handles employment-related inquiries from applicants, employees, and supervisors, referring complex and/or sensitive matters to the appropriate staff. Attends and participates in employee disciplinary meetings, terminations, and investigations. Maintains knowledge of trends, best practices, regulatory changes, and new technologies in human resources, talent management, and employment law. Performs other duties as assigned. Required Skills/Abilities: Excellent verbal and written communication skills. Excellent interpersonal, negotiation, and conflict resolution skills. Excellent organizational skills and attention to detail. Excellent time management skills with a proven ability to meet deadlines. Strong analytical and problem-solving skills. Ability to prioritize tasks and to delegate them when appropriate. Ability to act with integrity, professionalism, and confidentiality. Proficiency with or the ability to quickly learn the organizations HRIS and talent management systems. Education and Experience: Bachelor’s degree in human resources, Business Administration, or related field required. 3–7+ years of progressive HR experience, preferably in a multi-entity, private equity, family office, or fast-growth environment. Strong knowledge of employment law, HR best practices, and compliance requirements. Experience supporting multiple locations or business units preferred. Work Environment: Onsite in-office environment, Monday-Friday with working hours approximately 8am - 5pm.&nbsp; A hybrid work schedule may be available once fully trained, with approval. Prolonged periods of sitting at a desk and working on a computer and speaking on the phone. Must be able to lift 15 pounds at times. Must be able to access and navigate each department at the organization’s facilities. &nbsp; Arona Corporation is an EEO Employer.",https://arona-home-essentials.hiringthing.com/job/1042973/human-resources-generalist,2026-07-22,,Arona Home Essentials,,FULL_TIME,hybrid,"WEST DES MOINES, IA",WEST DES MOINES,IA,United States,HiringThing
927517,Accounting Clerk,"Accounting Clerk &nbsp; Location: West Des Moines, Iowa Job Type: Full Time Arona Home Essentials is seeking a Full Time, Accounting Clerk &nbsp; for its home office located in West Des Moines, Iowa. This position reports to the&nbsp;Director of Accounting. Arona&nbsp;thrives in a high-growth, fast-paced, can-do environment. As we continue to grow, we are looking for a detail-oriented and dependable Accounting Clerk to join our accounting team. &nbsp; The Accounting Clerk will play a key role in supporting our daily financial operations. This position is ideal for someone who is organized, accurate, and eager to grow in the field of accounting. &nbsp; What We Offer: Competitive salary based on experience. Health, dental, and vision insurance. Flexible scheduling. 401(k) with company match. Paid Time Off, Volunteer Paid Time Off, and Holidays. Reward and recognition programs. Opportunities for growth and professional development. Responsibilities: Processes accounts payable transactions. Manages invoices, statements, and document discrepancy with vendors. Collects vendor information for new vendor setup or existing vendor updates. Assists with payment preparation and check processing. Communicates with store managers about invoice questions and coding. Assists with general ledger preparation and monthly journal entries. Data entry and management of accounting system. &nbsp;Support audits and ensure compliance with internal controls. Perform general administrative duties related to finance. Complete special projects and audits as assigned. &nbsp; Qualifications: Associate’s degree in accounting or two (2) years of accounting experience Good verbal and written communication skills, problem-solving, data solving and typing skills Proficient in Microsoft Excel and accounting software Business Central a plus Ability to work independently and as part of a team Excellent communication and time-management skills AAP/EEO Statement It is the policy of Arona Corporation to ensure equal employment opportunity without discrimination or harassment on the basis of race, color, religion, sex, national origin, age, disability, alienage or citizenship status, marital status, creed, genetic predisposition or carrier status, sexual orientation, gender identity, veteran status, or any other protected class by federal, state, or local laws. Arona Corporation prohibits and will not tolerate any such discrimination or harassment.&nbsp;",https://arona-home-essentials.hiringthing.com/job/927517/accounting-clerk,2026-07-23,,Arona Home Essentials,,FULL_TIME,,"WEST DES MOINES, IA",WEST DES MOINES,IA,United States,HiringThing
751143,Customer Retention Manager,"Arona Home Essentials has a long legacy as an industry leader, with continued growth regardless of the economy.&nbsp;&nbsp;We are built on a foundation of excellence, customer focus,&nbsp;quality products and services. We operate over 50 stores in Iowa, Nebraska, Texas, Illinois, Michigan, Florida, Colorado, Kentucky, Indiana, Missouri, New York, Pennsylvania, and Puerto Rico.&nbsp; We are currently looking to hire a Customer Retention Manager. You will have access to a comprehensive benefits package that includes: Paid time off including vacation days, personal days and holidays Unlimited Bonus &amp; Commission opportunities paid monthly Company paid Life Insurance and Long-Term Disability Insurance Medical, Dental, Vision, Life Insurance and Short-Term Disability 401(k) with a company match Ongoing training and development &nbsp; Responsibilities: Immediate contact of all customers who have not renewed their lease agreement(s) Maintain updated accurate customer information Help support the overall needs of the store by assisting other associates and acting as key holder in the General Manager’s absence Monitor customer payment history and habits and make recommendations to support the customer to ownership Collect money and obtain customer signatures on lease agreements Other tasks as assigned by management Strong leadership skills Good communication and interpersonal skills Professional appearance History of results Aptitude to learn proper collection procedures Effective organization skills Must be 21 years of age or older Position routinely requires lifting, loading and “dollying” merchandise of 50 pounds or more Bi-Lingual a plus!! Requirements: Customer Retention Manager must have a satisfactory MVR (driving record), D.O.T. physical/certification, a valid Driver’s License and comply with the Arona Home Essentials Driver Qualification Policy. &nbsp;Customer Retention Manager must pass a pre-employment drug screening and criminal background investigation.&nbsp; EEOC Statement Arona Home Essentials is an Equal Opportunity Employer.&nbsp;",https://arona-home-essentials.hiringthing.com/job/751143/customer-retention-manager,2026-07-29,,Arona Home Essentials,$17 hourly,,,"MOLINE, IL",MOLINE,IL,United States,HiringThing
1042952,Customer Retention Associate,"Join a Winning Team at Arona Home Essentials! Customer Retention Associate Looking for more than just a job? Build a career with a company that's been growing for decades. At Arona Home Essentials , we're proud to be an industry leader with over 50 locations across 13 states and Puerto Rico . While other companies slow down during economic changes, we've continued to grow by investing in our people, delivering exceptional customer service, and providing quality products and services that families rely on. We're building a team of ambitious, driven people who are committed to success. If you enjoy helping customers, thrive in a fast-paced environment, and take pride in delivering results, this could be the opportunity for you. At Arona, your success isn't determined by a college degree—it's determined by your work ethic, leadership, and results . We promote from within and provide the training, support, and opportunities needed to build a rewarding career. Why You'll Love Working Here At Arona Home Essentials , we believe great employees deserve great rewards. We invest in our people and provide opportunities to grow, succeed, and be recognized for your contributions. Here’s what you can expect as part of the Arona team: Unlimited Bonus &amp; Commission Opportunities – Your effort directly impacts your earnings. Five-Day Work Week – Enjoy two days off each week while maintaining a full-time schedule. Paid Time Off – Vacation days, personal days, and paid holidays. Comprehensive Benefits – Medical, Dental, Vision, Short-Term Disability, Company-Paid Life Insurance, and Long-Term Disability. 401(k) with Company Match – Invest in your future. Career Growth &amp; Development – Ongoing training, leadership development, and advancement opportunities with a company that promotes from within. What You'll Do As a Customer Retention Associate , you'll play an important role in building strong customer relationships, supporting customer success, and helping customers maintain their lease agreements. You'll work directly with customers to provide solutions, encourage successful account management, and represent Arona Home Essentials with professionalism and care. Your responsibilities will include: Building and maintaining positive relationships with existing customers. Assisting the Customer Accounts Department with lease agreement renewals and account support. Communicating the benefits of timely lease agreement renewal payments. Following up with customers regarding account balances through phone calls and occasional field visits. Providing solutions and support to help customers successfully manage their accounts. Maintaining and updating accurate customer information and account records. Collecting revenue while helping protect company assets. Assisting with merchandise returns and customer deliveries approximately 5–25 hours per week. Inspecting, cleaning, and certifying returned merchandise in the Quality Assurance Center. Assisting with field activities and store operations when needed. Helping create a positive customer experience at every interaction. What We're Looking For We're searching for someone who is: Customer-focused and enjoys building relationships. Friendly, professional, and comfortable communicating with customers. Motivated by goals, teamwork, and achieving results. A strong communicator with excellent interpersonal skills. Organized and detail-oriented with the ability to manage multiple priorities. Comfortable making customer calls and having solution-focused conversations. Dependable and able to work independently in both store and field environments. Professional in appearance and attitude. At least 18 years old. Able to safely lift, load, and dolly merchandise weighing 50–300 pounds . Able to legally operate a company vehicle with a valid driver's license. Bilingual? That's a plus! A satisfactory driving record (MVR), ability to meet driver qualification requirements, and the ability to pass a DOT physical (where required), drug screen, criminal background check, and agility test are required prior to employment. Ready to Grow With Us? If you're looking for more than just a job—if you're ready to build a career where your hard work is recognized, your earning potential is unlimited, and your opportunities for advancement are real— Arona Home Essentials is the place for you. Apply today and join a company that invests in its people, rewards performance, and celebrates success. Arona Home Essentials is proud to be an Equal Opportunity Employer.",https://arona-home-essentials.hiringthing.com/job/1042952/customer-retention-associate,2026-07-22,,Arona Home Essentials,,FULL_TIME,,"EVANSVILLE, IN",EVANSVILLE,IN,United States,HiringThing
907519,Marketing & Growth Associate,"Arona Home Essentials has a long legacy as an industry leader, with continued growth regardless of the economy.&nbsp; We are built on a foundation of excellence, customer focus, quality products and services. We operate over 50 stores in Iowa, Nebraska, Texas, New York, Pennsylvania, Illinois, Michigan, Florida, Colorado, Missouri, Kentucky, Puerto Rico, and Indiana.&nbsp; We are currently looking for a Marketing and Growth Associate. You will have access to a comprehensive benefits package that includes: Paid time off including vacation days, personal days, and holidays. Unlimited Bonus &amp; Commission opportunities. Five-day work week. Company paid Life Insurance and Long-Term Disability Insurance. Medical, Dental, Vision, Life Insurance and Short-Term Disability. 401(k) with a company match. Ongoing training and development. Job Duties: The Acquisition and Maintenance of Customers. Accept and process current customer payments. Process Order Forms and references. Input customer information into the store computer for new lease agreements. Update customer information and account status in the store's computer system. Answer incoming telephone calls and route them to appropriate person-as per the first up system. File and maintain customer folders and records. Assist customers on the showroom floor. Direct customer opportunities immediately to the Sales Manager as it relates to sales and service. Maintain the appearance and organization of the customer transaction counter. Assist in the maintenance of the showroom through cleaning, organizing, merchandising, and pricing as per the first up system and as directed by management. Maintain regular mailing campaign. Other tasks as assigned by management. Position Requirements: Excellent interpersonal skills are required for daily customer contact. Professional appearance. Good communication and organizational skills. Excellent telephone etiquette. Strong sales skills-showroom and telephone. Must be 18 years of age or older. Position routinely requires lifting, loading, and dollying heavy merchandise. Pre-employment background check, drug test, agility test and DOT physical. Bi-lingual is a PLUS! Marketing &amp; Growth Associates must have a satisfactory MVR (driving record), D.O.T. physical/certification in states that require it, a valid Driver’s License and comply with the Arona Home Essentials Driver Qualification Policy.&nbsp; All Marketing and Growth Associates must pass a drug screen and criminal background investigation before beginning employment.&nbsp; EEOC Statement Arona Home Essentials is an Equal Opportunity Employer.",https://arona-home-essentials.hiringthing.com/job/907519/marketing-growth-associate,2026-07-22,,Arona Home Essentials,,,,"CENTRAL CITY, KY",CENTRAL CITY,KY,United States,HiringThing
1038959,Customer Retention Associate,"Join a Winning Team at Arona Home Essentials! Customer Retention Associate Looking for more than just a job? Build a career with a company that's been growing for decades. At Arona Home Essentials , we're proud to be an industry leader with over 50 locations across 13 states and Puerto Rico . While other companies slow down during economic changes, we've continued to grow by investing in our people, delivering exceptional customer service, and providing quality products and services that families rely on. We're building a team of ambitious, driven people who are committed to success. If you enjoy helping customers, thrive in a fast-paced environment, and take pride in delivering results, this could be the opportunity for you. At Arona, your success isn't determined by a college degree—it's determined by your work ethic, leadership, and results . We promote from within and provide the training, support, and opportunities needed to build a rewarding career. Why You'll Love Working Here At Arona Home Essentials , we believe great employees deserve great rewards. We invest in our people and provide opportunities to grow, succeed, and be recognized for your contributions. Here’s what you can expect as part of the Arona team: Unlimited Bonus &amp; Commission Opportunities – Your effort directly impacts your earnings. Five-Day Work Week – Enjoy two days off each week while maintaining a full-time schedule. Paid Time Off – Vacation days, personal days, and paid holidays. Comprehensive Benefits – Medical, Dental, Vision, Short-Term Disability, Company-Paid Life Insurance, and Long-Term Disability. 401(k) with Company Match – Invest in your future. Career Growth &amp; Development – Ongoing training, leadership development, and advancement opportunities with a company that promotes from within. What You'll Do As a Customer Retention Associate , you'll play an important role in building strong customer relationships, supporting customer success, and helping customers maintain their lease agreements. You'll work directly with customers to provide solutions, encourage successful account management, and represent Arona Home Essentials with professionalism and care. Your responsibilities will include: Building and maintaining positive relationships with existing customers. Assisting the Customer Accounts Department with lease agreement renewals and account support. Communicating the benefits of timely lease agreement renewal payments. Following up with customers regarding account balances through phone calls and occasional field visits. Providing solutions and support to help customers successfully manage their accounts. Maintaining and updating accurate customer information and account records. Collecting revenue while helping protect company assets. Assisting with merchandise returns and customer deliveries approximately 5–25 hours per week. Inspecting, cleaning, and certifying returned merchandise in the Quality Assurance Center. Assisting with field activities and store operations when needed. Helping create a positive customer experience at every interaction. What We're Looking For We're searching for someone who is: Customer-focused and enjoys building relationships. Friendly, professional, and comfortable communicating with customers. Motivated by goals, teamwork, and achieving results. A strong communicator with excellent interpersonal skills. Organized and detail-oriented with the ability to manage multiple priorities. Comfortable making customer calls and having solution-focused conversations. Dependable and able to work independently in both store and field environments. Professional in appearance and attitude. At least 18 years old. Able to safely lift, load, and dolly merchandise weighing 50–300 pounds . Able to legally operate a company vehicle with a valid driver's license. Bilingual? That's a plus! A satisfactory driving record (MVR), ability to meet driver qualification requirements, and the ability to pass a DOT physical (where required), drug screen, criminal background check, and agility test are required prior to employment. Ready to Grow With Us? If you're looking for more than just a job—if you're ready to build a career where your hard work is recognized, your earning potential is unlimited, and your opportunities for advancement are real— Arona Home Essentials is the place for you. Apply today and join a company that invests in its people, rewards performance, and celebrates success. Arona Home Essentials is proud to be an Equal Opportunity Employer.",https://arona-home-essentials.hiringthing.com/job/1038959/customer-retention-associate,2026-07-23,,Arona Home Essentials,,FULL_TIME,,"OWENSBORO, KY",OWENSBORO,KY,United States,HiringThing
1042958,Marketing and Growth Manager,"Arona Home Essentials has a long legacy as an industry leader, with continued growth regardless of the economy.&nbsp; We are built on a foundation of excellence, customer focus, quality products and services. We operate over 50 stores in Iowa, Nebraska, Texas, New York, Pennsylvania, Illinois, Michigan, Florida, Colorado, Missouri, Kentucky, Puerto Rico, and Indiana.&nbsp; We are currently looking for a Marketing and Growth Manager. You will have access to a comprehensive benefits package that includes: Paid time off including vacation days, personal days, and holidays. Unlimited Bonus &amp; Commission opportunities. Five-day work week. Company paid Life Insurance and Long-Term Disability Insurance. Medical, Dental, Vision, Life Insurance and Short-Term Disability. 401(k) with a company match. Ongoing training and development. Job Duties: Responsible for the growth and retention of customers. Continuously develop, train, and manager employees. Responsible for setting and attaining sales goals. Manage expired customer agreements. Explore and react to profitable revenue opportunities within the store. Take a visible role in representing Arona Home Essentials in the local community. Position Requirements: Must have HIGH ENERGY. Must have a proven track record as a sale closer. Must have 2 years retail, restaurant, or related experience. Must be 18 years of age or older. Bi-lingual is a PLUS! Marketing &amp; Growth Managers must have a satisfactory MVR (driving record), D.O.T. physical/certification in states that require it, a valid Driver’s License and comply with the Arona Home Essentials Driver Qualification Policy.&nbsp; All Marketing and Growth Managers must pass a drug screen and criminal background investigation before beginning employment.&nbsp; EEOC Statement Arona Home Essentials is an Equal Opportunity Employer.",https://arona-home-essentials.hiringthing.com/job/1042958/marketing-and-growth-manager,2026-07-22,,Arona Home Essentials,,,,"OWENSBORO, KY",OWENSBORO,KY,United States,HiringThing
924326,Delivery Specialist,"Arona Home Essentials has a long legacy as an industry leader, with continued growth regardless of the economy.&nbsp; We are built on a foundation of excellence, customer focus, quality products and services. We operate over 50 stores in Iowa, Nebraska, Texas, Illinois, Michigan, Florida, Colorado, Missouri, Kentucky, Puerto Rico, New York, Pennsylvania, and Indiana.&nbsp; We are currently looking for a Delivery Specialist . You will have access to a comprehensive benefits package that includes: Paid time off including vacation days, personal days, and holidays. Unlimited Bonus &amp; Commission opportunities. Five-day work week. Company paid Life Insurance and Long-Term Disability Insurance. Medical, Dental, Vision, Life Insurance and Short-Term Disability. 401(k) with a company match. Ongoing training and development. Job Duties Customer Deliveries. Ensure all merchandise is clean and in operating condition prior to delivery. Load, secure and protect product in delivery vehicle and safely transport merchandise. Ensure delivery schedule is followed. Offload, install and demonstrate merchandise to achieve maximum customer satisfaction. Perform routine service calls, product exchanges and assist with merchandise returns. Clean and certify merchandise in the Quality Assurance Center for all items personally returned. Assist in maintaining the showroom floor and store’s warehouse. Occasional collections assistance. Assist in field marketing programs. Position Requirements: Strong technical skills or working knowledge of electronic products. Position routinely requires lifting, loading, and “dollying"" heavy merchandise. Maintain professional appearance. Good driving skills, ability to pass a Motor Vehicle background check. Must be 18 years of age or older. Ability to pass a pre-employment background check, drug screen, agility test and DOT physical. Bi-lingual is a PLUS! Delivery Drivers must have a satisfactory MVR (driving record), D.O.T. physical/certification in states that require it, a valid Driver’s License and comply with the Arona Home Essentials Driver Qualification Policy. &nbsp; All Delivery Drivers must pass a drug screen and criminal background investigation before beginning employment.&nbsp; EEOC Statement Arona Home Essentials is an Equal Opportunity Employer.&nbsp;",https://arona-home-essentials.hiringthing.com/job/924326/delivery-specialist,2026-07-31,,Arona Home Essentials,,,,"GRANDVIEW, MO",GRANDVIEW,MO,United States,HiringThing
914266,Delivery Specialist,"Arona Home Essentials has a long legacy as an industry leader, with continued growth regardless of the economy.&nbsp; We are built on a foundation of excellence, customer focus, quality products and services. We operate over 50 stores in Iowa, Nebraska, Texas, Illinois, Michigan, Florida, Colorado, Missouri, Kentucky, Puerto Rico, New York, Pennsylvania, and Indiana.&nbsp; We are currently looking for a Delivery Specialist . You will have access to a comprehensive benefits package that includes: Paid time off including vacation days, personal days, and holidays. Unlimited Bonus &amp; Commission opportunities. Five-day work week. Company paid Life Insurance and Long-Term Disability Insurance. Medical, Dental, Vision, Life Insurance and Short-Term Disability. 401(k) with a company match. Ongoing training and development. Job Duties Customer Deliveries. Ensure all merchandise is clean and in operating condition prior to delivery. Load, secure and protect product in delivery vehicle and safely transport merchandise. Ensure delivery schedule is followed. Offload, install and demonstrate merchandise to achieve maximum customer satisfaction. Perform routine service calls, product exchanges and assist with merchandise returns. Clean and certify merchandise in the Quality Assurance Center for all items personally returned. Assist in maintaining the showroom floor and store’s warehouse. Occasional collections assistance. Assist in field marketing programs. Position Requirements: Strong technical skills or working knowledge of electronic products. Position routinely requires lifting, loading, and “dollying"" heavy merchandise. Maintain professional appearance. Good driving skills, ability to pass a Motor Vehicle background check. Must be 18 years of age or older. Ability to pass a pre-employment background check, drug screen, agility test and DOT physical. Bi-lingual is a PLUS! Delivery Drivers must have a satisfactory MVR (driving record), D.O.T. physical/certification in states that require it, a valid Driver’s License and comply with the Arona Home Essentials Driver Qualification Policy. &nbsp; All Delivery Drivers must pass a drug screen and criminal background investigation before beginning employment.&nbsp; EEOC Statement Arona Home Essentials is an Equal Opportunity Employer.&nbsp;",https://arona-home-essentials.hiringthing.com/job/914266/delivery-specialist,2026-07-27,,Arona Home Essentials,,,,"JEFFERSON CITY, MO",JEFFERSON CITY,MO,United States,HiringThing
967588,Customer Retention Associate,"Join a Winning Team at Arona Home Essentials! Customer Retention Associate Looking for more than just a job? Build a career with a company that's been growing for decades. At Arona Home Essentials , we're proud to be an industry leader with over 50 locations across 13 states and Puerto Rico . While other companies slow down during economic changes, we've continued to grow by investing in our people, delivering exceptional customer service, and providing quality products and services that families rely on. We're building a team of ambitious, driven people who are committed to success. If you enjoy helping customers, thrive in a fast-paced environment, and take pride in delivering results, this could be the opportunity for you. At Arona, your success isn't determined by a college degree—it's determined by your work ethic, leadership, and results . We promote from within and provide the training, support, and opportunities needed to build a rewarding career. Why You'll Love Working Here At Arona Home Essentials , we believe great employees deserve great rewards. We invest in our people and provide opportunities to grow, succeed, and be recognized for your contributions. Here’s what you can expect as part of the Arona team: Unlimited Bonus &amp; Commission Opportunities – Your effort directly impacts your earnings. Five-Day Work Week – Enjoy two days off each week while maintaining a full-time schedule. Paid Time Off – Vacation days, personal days, and paid holidays. Comprehensive Benefits – Medical, Dental, Vision, Short-Term Disability, Company-Paid Life Insurance, and Long-Term Disability. 401(k) with Company Match – Invest in your future. Career Growth &amp; Development – Ongoing training, leadership development, and advancement opportunities with a company that promotes from within. What You'll Do As a Customer Retention Associate , you'll play an important role in building strong customer relationships, supporting customer success, and helping customers maintain their lease agreements. You'll work directly with customers to provide solutions, encourage successful account management, and represent Arona Home Essentials with professionalism and care. Your responsibilities will include: Building and maintaining positive relationships with existing customers. Assisting the Customer Accounts Department with lease agreement renewals and account support. Communicating the benefits of timely lease agreement renewal payments. Following up with customers regarding account balances through phone calls and occasional field visits. Providing solutions and support to help customers successfully manage their accounts. Maintaining and updating accurate customer information and account records. Collecting revenue while helping protect company assets. Assisting with merchandise returns and customer deliveries approximately 5–25 hours per week. Inspecting, cleaning, and certifying returned merchandise in the Quality Assurance Center. Assisting with field activities and store operations when needed. Helping create a positive customer experience at every interaction. What We're Looking For We're searching for someone who is: Customer-focused and enjoys building relationships. Friendly, professional, and comfortable communicating with customers. Motivated by goals, teamwork, and achieving results. A strong communicator with excellent interpersonal skills. Organized and detail-oriented with the ability to manage multiple priorities. Comfortable making customer calls and having solution-focused conversations. Dependable and able to work independently in both store and field environments. Professional in appearance and attitude. At least 18 years old. Able to safely lift, load, and dolly merchandise weighing 50–300 pounds . Able to legally operate a company vehicle with a valid driver's license. Bilingual? That's a plus! A satisfactory driving record (MVR), ability to meet driver qualification requirements, and the ability to pass a DOT physical (where required), drug screen, criminal background check, and agility test are required prior to employment. Ready to Grow With Us? If you're looking for more than just a job—if you're ready to build a career where your hard work is recognized, your earning potential is unlimited, and your opportunities for advancement are real— Arona Home Essentials is the place for you. Apply today and join a company that invests in its people, rewards performance, and celebrates success. Arona Home Essentials is proud to be an Equal Opportunity Employer.",https://arona-home-essentials.hiringthing.com/job/967588/customer-retention-associate,2026-07-22,,Arona Home Essentials,,FULL_TIME,,"JEFFERSON CITY, MO",JEFFERSON CITY,MO,United States,HiringThing
913786,Customer Retention Associate,"Join a Winning Team at Arona Home Essentials! Customer Retention Associate Looking for more than just a job? Build a career with a company that's been growing for decades. At Arona Home Essentials , we're proud to be an industry leader with over 50 locations across 13 states and Puerto Rico . While other companies slow down during economic changes, we've continued to grow by investing in our people, delivering exceptional customer service, and providing quality products and services that families rely on. We're building a team of ambitious, driven people who are committed to success. If you enjoy helping customers, thrive in a fast-paced environment, and take pride in delivering results, this could be the opportunity for you. At Arona, your success isn't determined by a college degree—it's determined by your work ethic, leadership, and results . We promote from within and provide the training, support, and opportunities needed to build a rewarding career. Why You'll Love Working Here At Arona Home Essentials , we believe great employees deserve great rewards. We invest in our people and provide opportunities to grow, succeed, and be recognized for your contributions. Here’s what you can expect as part of the Arona team: Unlimited Bonus &amp; Commission Opportunities – Your effort directly impacts your earnings. Five-Day Work Week – Enjoy two days off each week while maintaining a full-time schedule. Paid Time Off – Vacation days, personal days, and paid holidays. Comprehensive Benefits – Medical, Dental, Vision, Short-Term Disability, Company-Paid Life Insurance, and Long-Term Disability. 401(k) with Company Match – Invest in your future. Career Growth &amp; Development – Ongoing training, leadership development, and advancement opportunities with a company that promotes from within. What You'll Do As a Customer Retention Associate , you'll play an important role in building strong customer relationships, supporting customer success, and helping customers maintain their lease agreements. You'll work directly with customers to provide solutions, encourage successful account management, and represent Arona Home Essentials with professionalism and care. Your responsibilities will include: Building and maintaining positive relationships with existing customers. Assisting the Customer Accounts Department with lease agreement renewals and account support. Communicating the benefits of timely lease agreement renewal payments. Following up with customers regarding account balances through phone calls and occasional field visits. Providing solutions and support to help customers successfully manage their accounts. Maintaining and updating accurate customer information and account records. Collecting revenue while helping protect company assets. Assisting with merchandise returns and customer deliveries approximately 5–25 hours per week. Inspecting, cleaning, and certifying returned merchandise in the Quality Assurance Center. Assisting with field activities and store operations when needed. Helping create a positive customer experience at every interaction. What We're Looking For We're searching for someone who is: Customer-focused and enjoys building relationships. Friendly, professional, and comfortable communicating with customers. Motivated by goals, teamwork, and achieving results. A strong communicator with excellent interpersonal skills. Organized and detail-oriented with the ability to manage multiple priorities. Comfortable making customer calls and having solution-focused conversations. Dependable and able to work independently in both store and field environments. Professional in appearance and attitude. At least 18 years old. Able to safely lift, load, and dolly merchandise weighing 50–300 pounds . Able to legally operate a company vehicle with a valid driver's license. Bilingual? That's a plus! A satisfactory driving record (MVR), ability to meet driver qualification requirements, and the ability to pass a DOT physical (where required), drug screen, criminal background check, and agility test are required prior to employment. Ready to Grow With Us? If you're looking for more than just a job—if you're ready to build a career where your hard work is recognized, your earning potential is unlimited, and your opportunities for advancement are real— Arona Home Essentials is the place for you. Apply today and join a company that invests in its people, rewards performance, and celebrates success. Arona Home Essentials is proud to be an Equal Opportunity Employer.",https://arona-home-essentials.hiringthing.com/job/913786/customer-retention-associate,2026-07-29,,Arona Home Essentials,,FULL_TIME,,"MONETT, MO",MONETT,MO,United States,HiringThing
978576,Delivery Specialist,"Arona Home Essentials has a long legacy as an industry leader, with continued growth regardless of the economy.&nbsp; We are built on a foundation of excellence, customer focus, quality products and services. We operate over 50 stores in Iowa, Nebraska, Texas, Illinois, Michigan, Florida, Colorado, Missouri, Kentucky, Puerto Rico, New York, Pennsylvania, and Indiana.&nbsp; We are currently looking for a Delivery Specialist . You will have access to a comprehensive benefits package that includes: Paid time off including vacation days, personal days, and holidays. Unlimited Bonus &amp; Commission opportunities. Five-day work week. Company paid Life Insurance and Long-Term Disability Insurance. Medical, Dental, Vision, Life Insurance and Short-Term Disability. 401(k) with a company match. Ongoing training and development. Job Duties Customer Deliveries. Ensure all merchandise is clean and in operating condition prior to delivery. Load, secure and protect product in delivery vehicle and safely transport merchandise. Ensure delivery schedule is followed. Offload, install and demonstrate merchandise to achieve maximum customer satisfaction. Perform routine service calls, product exchanges and assist with merchandise returns. Clean and certify merchandise in the Quality Assurance Center for all items personally returned. Assist in maintaining the showroom floor and store’s warehouse. Occasional collections assistance. Assist in field marketing programs. Position Requirements: Strong technical skills or working knowledge of electronic products. Position routinely requires lifting, loading, and “dollying"" heavy merchandise. Maintain professional appearance. Good driving skills, ability to pass a Motor Vehicle background check. Must be 18 years of age or older. Ability to pass a pre-employment background check, drug screen, agility test and DOT physical. Bi-lingual is a PLUS! Delivery Drivers must have a satisfactory MVR (driving record), D.O.T. physical/certification in states that require it, a valid Driver’s License and comply with the Arona Home Essentials Driver Qualification Policy. &nbsp; All Delivery Drivers must pass a drug screen and criminal background investigation before beginning employment.&nbsp; EEOC Statement Arona Home Essentials is an Equal Opportunity Employer.&nbsp;",https://arona-home-essentials.hiringthing.com/job/978576/delivery-specialist,2026-08-07,,Arona Home Essentials,,,,"NEOSHO, MO",NEOSHO,MO,United States,HiringThing
952102,Customer Retention Associate,"Join a Winning Team at Arona Home Essentials! Customer Retention Associate Looking for more than just a job? Build a career with a company that's been growing for decades. At Arona Home Essentials , we're proud to be an industry leader with over 50 locations across 13 states and Puerto Rico . While other companies slow down during economic changes, we've continued to grow by investing in our people, delivering exceptional customer service, and providing quality products and services that families rely on. We're building a team of ambitious, driven people who are committed to success. If you enjoy helping customers, thrive in a fast-paced environment, and take pride in delivering results, this could be the opportunity for you. At Arona, your success isn't determined by a college degree—it's determined by your work ethic, leadership, and results . We promote from within and provide the training, support, and opportunities needed to build a rewarding career. Why You'll Love Working Here At Arona Home Essentials , we believe great employees deserve great rewards. We invest in our people and provide opportunities to grow, succeed, and be recognized for your contributions. Here’s what you can expect as part of the Arona team: Unlimited Bonus &amp; Commission Opportunities – Your effort directly impacts your earnings. Five-Day Work Week – Enjoy two days off each week while maintaining a full-time schedule. Paid Time Off – Vacation days, personal days, and paid holidays. Comprehensive Benefits – Medical, Dental, Vision, Short-Term Disability, Company-Paid Life Insurance, and Long-Term Disability. 401(k) with Company Match – Invest in your future. Career Growth &amp; Development – Ongoing training, leadership development, and advancement opportunities with a company that promotes from within. What You'll Do As a Customer Retention Associate , you'll play an important role in building strong customer relationships, supporting customer success, and helping customers maintain their lease agreements. You'll work directly with customers to provide solutions, encourage successful account management, and represent Arona Home Essentials with professionalism and care. Your responsibilities will include: Building and maintaining positive relationships with existing customers. Assisting the Customer Accounts Department with lease agreement renewals and account support. Communicating the benefits of timely lease agreement renewal payments. Following up with customers regarding account balances through phone calls and occasional field visits. Providing solutions and support to help customers successfully manage their accounts. Maintaining and updating accurate customer information and account records. Collecting revenue while helping protect company assets. Assisting with merchandise returns and customer deliveries approximately 5–25 hours per week. Inspecting, cleaning, and certifying returned merchandise in the Quality Assurance Center. Assisting with field activities and store operations when needed. Helping create a positive customer experience at every interaction. What We're Looking For We're searching for someone who is: Customer-focused and enjoys building relationships. Friendly, professional, and comfortable communicating with customers. Motivated by goals, teamwork, and achieving results. A strong communicator with excellent interpersonal skills. Organized and detail-oriented with the ability to manage multiple priorities. Comfortable making customer calls and having solution-focused conversations. Dependable and able to work independently in both store and field environments. Professional in appearance and attitude. At least 18 years old. Able to safely lift, load, and dolly merchandise weighing 50–300 pounds . Able to legally operate a company vehicle with a valid driver's license. Bilingual? That's a plus! A satisfactory driving record (MVR), ability to meet driver qualification requirements, and the ability to pass a DOT physical (where required), drug screen, criminal background check, and agility test are required prior to employment. Ready to Grow With Us? If you're looking for more than just a job—if you're ready to build a career where your hard work is recognized, your earning potential is unlimited, and your opportunities for advancement are real— Arona Home Essentials is the place for you. Apply today and join a company that invests in its people, rewards performance, and celebrates success. Arona Home Essentials is proud to be an Equal Opportunity Employer.",https://arona-home-essentials.hiringthing.com/job/952102/customer-retention-associate,2026-07-29,,Arona Home Essentials,,FULL_TIME,,"NEOSHO, MO",NEOSHO,MO,United States,HiringThing
957726,Delivery Specialist,"Arona Home Essentials has a long legacy as an industry leader, with continued growth regardless of the economy.&nbsp; We are built on a foundation of excellence, customer focus, quality products and services. We operate over 50 stores in Iowa, Nebraska, Texas, Illinois, Michigan, Florida, Colorado, Missouri, Kentucky, Puerto Rico, New York, Pennsylvania, and Indiana.&nbsp; We are currently looking for a Delivery Specialist . You will have access to a comprehensive benefits package that includes: Paid time off including vacation days, personal days, and holidays. Unlimited Bonus &amp; Commission opportunities. Five-day work week. Company paid Life Insurance and Long-Term Disability Insurance. Medical, Dental, Vision, Life Insurance and Short-Term Disability. 401(k) with a company match. Ongoing training and development. Job Duties Customer Deliveries. Ensure all merchandise is clean and in operating condition prior to delivery. Load, secure and protect product in delivery vehicle and safely transport merchandise. Ensure delivery schedule is followed. Offload, install and demonstrate merchandise to achieve maximum customer satisfaction. Perform routine service calls, product exchanges and assist with merchandise returns. Clean and certify merchandise in the Quality Assurance Center for all items personally returned. Assist in maintaining the showroom floor and store’s warehouse. Occasional collections assistance. Assist in field marketing programs. Position Requirements: Strong technical skills or working knowledge of electronic products. Position routinely requires lifting, loading, and “dollying"" heavy merchandise. Maintain professional appearance. Good driving skills, ability to pass a Motor Vehicle background check. Must be 18 years of age or older. Ability to pass a pre-employment background check, drug screen, agility test and DOT physical. Bi-lingual is a PLUS! Delivery Drivers must have a satisfactory MVR (driving record), D.O.T. physical/certification in states that require it, a valid Driver’s License and comply with the Arona Home Essentials Driver Qualification Policy. &nbsp; All Delivery Drivers must pass a drug screen and criminal background investigation before beginning employment.&nbsp; EEOC Statement Arona Home Essentials is an Equal Opportunity Employer.&nbsp;",https://arona-home-essentials.hiringthing.com/job/957726/delivery-specialist,2026-07-31,,Arona Home Essentials,,,,"SEDALIA, MO",SEDALIA,MO,United States,HiringThing
903015,Delivery Specialist,"Join a Winning Team at Arona Home Essentials! Delivery Specialist Looking for more than just a job? Build a career with a company that's been growing for decades. At Arona Home Essentials , we're proud to be an industry leader with over 50 locations across 13 states and Puerto Rico . While other companies slow down during economic changes, we've continued to grow by investing in our people, delivering exceptional customer service, and providing quality products and services that families rely on. We're building a team of dependable, driven people who take pride in their work and are committed to creating outstanding customer experiences. If you enjoy working with people, solving problems, and being part of a team that makes a difference every day, this could be the opportunity for you. At Arona, your success isn't determined by a college degree—it's determined by your work ethic, reliability, leadership, and results . We promote from within and provide the training, support, and opportunities needed to build a rewarding career. Why You'll Love Working Here At Arona Home Essentials , we believe great employees deserve great rewards. We invest in our people and provide opportunities to grow, succeed, and be recognized for your contributions. Here’s what you can expect as part of the Arona team: Unlimited Bonus &amp; Commission Opportunities – Your effort directly impacts your earnings. Five-Day Work Week – Enjoy two days off each week while maintaining a full-time schedule. Paid Time Off – Vacation days, personal days, and paid holidays. Comprehensive Benefits – Medical, Dental, Vision, Short-Term Disability, Company-Paid Life Insurance, and Long-Term Disability. 401(k) with Company Match – Invest in your future. Career Growth &amp; Development – Ongoing training, leadership development, and advancement opportunities with a company that promotes from within. What You'll Do As a Delivery Specialist , you'll be the face of Arona Home Essentials in our customers' homes. You'll play a key role in delivering products, providing exceptional service, and ensuring every customer has a positive experience from start to finish. Your responsibilities will include: Delivering merchandise safely, professionally, and on schedule. Inspecting products before delivery to ensure merchandise is clean, complete, and operating properly. Loading, securing, and protecting products in delivery vehicles. Safely transporting merchandise while following all company safety standards. Unloading, installing, and demonstrating products to ensure customers understand how to use their merchandise. Providing outstanding customer service during every delivery interaction. Performing routine service calls, product exchanges, and assisting with merchandise returns. Cleaning and certifying returned merchandise in the Quality Assurance Center. Assisting with maintaining an organized showroom floor and warehouse. Supporting occasional customer account and collections efforts when needed. Participating in field marketing programs and community outreach efforts. What We're Looking For We're searching for someone who is: Customer-focused and enjoys helping people. Reliable, dependable, and takes pride in completing quality work. Professional and comfortable representing Arona in customers' homes. Mechanically inclined with strong technical skills or experience working with electronic products. A strong communicator who can explain products and provide solutions. Safety-minded with excellent driving habits. Organized and able to manage delivery schedules effectively. Professional in appearance and attitude. At least 18 years old. Able to safely lift, load, and dolly heavy merchandise as part of daily responsibilities. Able to pass a Motor Vehicle Record (MVR) check and meet company driving requirements. Bilingual? That's a plus! A valid driver's license, satisfactory driving record, and the ability to pass a pre-employment background check, drug screen, agility test, and DOT physical are required prior to employment. Ready to Grow With Us? If you're looking for more than just a job—if you're ready to build a career where your hard work is recognized, your skills are valued, and your opportunities for advancement are real— Arona Home Essentials is the place for you. Apply today and join a company that invests in its people, rewards performance, and celebrates success. Arona Home Essentials is proud to be an Equal Opportunity Employer.",https://arona-home-essentials.hiringthing.com/job/903015/delivery-specialist,2026-07-20,,Arona Home Essentials,$16 - $18 hourly,FULL_TIME,,"DUNKIRK, NY",DUNKIRK,NY,United States,HiringThing