"jobId","title","description","jobUrl","postedDate","jdDeadline","company","salaryRange","employmentType","worktype","location","city","state","country","ats"
"260081-2","HOME SERVICES SUPERVISOR","POSITION SUMMARYUnder general supervision, performs daily work assignments for the Senior Center Division of the Community Services Department in accordance with the Employee Manual, Department Policies and Procedures, City of Alamogordo Ordinances, and any applicable State or Federal authority.RECRUITMENT QUALIFICATIONSRequired:• Associate’s degree in business administration, social services, or a related field;• Three (3) years of experience in program administration;• Two (2) years of supervisory experience;• Valid New Mexico Driver’s License with a d....","https://cityofalamogordonm.munisselfservice.com/ess/EmploymentOpportunities/JobDetail.aspx?req=260081&sreq=2&form=GEN&desc=HOME%20SERVICES%20SUPERVISOR","2026-07-15","","City of Alamogordo","$18.51/hr and up","INTERNAL & EXTERNAL","","SENIOR SERVICE SUPERVISOR","Alamogordo","NM","USA","Tyler Technologies - Munis Self Service (ESS)"
"260092-2","FINANCE PROCUREMENT SPECIALIST","POSITION SUMMARYUnder general supervision, performs daily work assignments for the Purchasing Division of the Finance Department in accordance with the Employee Manual, Department Policies and Procedures, City of Alamogordo Ordinances, and any applicable State or Federal authority.RECRUITMENT QUALIFICATIONSRequired:• High School Diploma or GED equivalent;• Two (2) years of experience in a procurement environment;• Two (2) years of experience performing accounts payable duties;• Obtain Certification as a NM Certified Procurement Officer within one year of....","https://cityofalamogordonm.munisselfservice.com/ess/EmploymentOpportunities/JobDetail.aspx?req=260092&sreq=2&form=GEN&desc=FINANCE%20PROCUREMENT%20SPECIALIST","2026-08-04","","City of Alamogordo","$17.71/hr and up","INTERNAL & EXTERNAL","","PURCHASING STAFF","Alamogordo","NM","USA","Tyler Technologies - Munis Self Service (ESS)"
"260097-1","RECREATION ATTENDANT (PART-TIME)","POSITION SUMMARYUnder general supervision, performs daily work assignments for the Recreation Center Division of the Parks and Recreation Department. Department in accordance with the Employee Manual, Department Policies and Procedures, City of Alamogordo Ordinances, and any applicable State or Federal authority.RECRUITMENT QUALIFICATIONSRequired:• Must be at least 18 years of age;• High School diploma or GED;• One (1) year of experience in a high-volume customer service environment;• One (1) year of cashiering experience;• Valid CPR and First Aid c....","https://cityofalamogordonm.munisselfservice.com/ess/EmploymentOpportunities/JobDetail.aspx?req=260097&sreq=1&form=GEN&desc=RECREATION%20ATTENDANT%20(PART-TIME)","2026-07-17","","City of Alamogordo","$15.52/hr and up","INTERNAL & EXTERNAL","PART-TIME","REC CENTER STAFF","Alamogordo","NM","USA","Tyler Technologies - Munis Self Service (ESS)"
"260099-1","APD CIT PEER RECOVERY SPECIALIST","POSITION SUMMARYUnder general supervision, performs daily work assignments for the Mobile Crisis Response Team (MCRT) Division of the Alamogordo Police Department, in accordance with the Employee Manual, Department Policies and Procedures, City of Alamogordo Ordinances, and any applicable State or Federal authority. RECRUITMENT QUALIFICATIONSRequired:• High school diploma or GED equivalent;• Certified Peer Recovery Specialist (CPSW) or Certified Family Support Worker (CFPSW)* in New Mexico or the ability to be certified at the next testing opportunity;• Live....","https://cityofalamogordonm.munisselfservice.com/ess/EmploymentOpportunities/JobDetail.aspx?req=260099&sreq=1&form=GEN&desc=APD%20CIT%20PEER%20RECOVERY%20SPECIALIST","2026-08-07","08/21/2026","City of Alamogordo","$15.52/hr and up","INTERNAL & EXTERNAL","","CIT STAFF","Alamogordo","NM","USA","Tyler Technologies - Munis Self Service (ESS)"
"260100-1","PARKS & RECREATION EXECUTIVE ASSISTANT","POSITION SUMMARYUnder general supervision, performs daily work assignments for the Administrative Division of the Parks & Recreation Department in accordance with the Employee Manual, Department Policies and Procedures, City of Alamogordo Ordinances, and any applicable State or Federal authority.RECRUITMENT QUALIFICATIONSRequired:• High School diploma or GED;• Five (5) years of experience performing administrative duties in an office environment;• Type accurately at a speed of at least 35 words per minute (verified by testing);• Driver’s License, or the ....","https://cityofalamogordonm.munisselfservice.com/ess/EmploymentOpportunities/JobDetail.aspx?req=260100&sreq=1&form=GEN&desc=PARKS%20%26%20RECREATION%20EXECUTIVE%20ASSISTANT","2026-07-31","08/14/2026","City of Alamogordo","$17.71/hr and up","INTERNAL & EXTERNAL","","PARKS AND REC TIMEKEEPER","Alamogordo","NM","USA","Tyler Technologies - Munis Self Service (ESS)"
"260103-1","RECEPTIONIST - SENIOR CENTER","RECEPTIONIST-SENIOR CENTER(Full-Time Regular)POSITION SUMMARYUnder general supervision, performs daily work assignments for the Senior Center Division of the Community Services Department in accordance with the Employee Manual, Department Policies and Procedures, City of Alamogordo Ordinances, and any applicable State or Federal authority.RECRUITMENT QUALIFICATIONSRequired:• High school graduation or its equivalent;• One (1) year of customer service experience;• One (1) year of cash handling experience;• Valid New Mexico Driver’s License, ....","https://cityofalamogordonm.munisselfservice.com/ess/EmploymentOpportunities/JobDetail.aspx?req=260103&sreq=1&form=GEN&desc=RECEPTIONIST%20-%20SENIOR%20CENTER","2026-08-03","","City of Alamogordo","$14.21/hr and up","INTERNAL & EXTERNAL","","SENIOR CENTER STAFF","Alamogordo","NM","USA","Tyler Technologies - Munis Self Service (ESS)"
"260104-1","STREET MAINTENANCE LABORER II","POSITION SUMMARYUnder general supervision, performs daily work assignments for the Street Maintenance Division of the Public Works Department, in accordance with the Employee Manual, Department Policies and Procedures, City of Alamogordo Ordinances, and any applicable State or Federal authority.ADVANCEMENT OPPORTUNITIESWith a supervisory endorsement, and Department Director approval, a Street Maintenance Laborer II who meets the required qualifications of a Street Maintenance Worker is eligible for automatic promotion to Street Maintenance Worker pursuant to the City of Ala....","https://cityofalamogordonm.munisselfservice.com/ess/EmploymentOpportunities/JobDetail.aspx?req=260104&sreq=1&form=GEN&desc=STREET%20MAINTENANCE%20LABORER%20II","2026-08-07","08/21/2026","City of Alamogordo","$16.22/hr and up","INTERNAL & EXTERNAL","","PW STREET STAFF","Alamogordo","NM","USA","Tyler Technologies - Munis Self Service (ESS)"
"260106-1","STREET MAINTENANCE TECHNICIAN","POSITION SUMMARYUnder general supervision, performs daily work assignments for the Street Maintenance Division of the Public Works Department, in accordance with the Employee Manual, Department Policies and Procedures, City of Alamogordo Ordinances, and any applicable State or Federal authority.ADVANCEMENT OPPORTUNITIESWith supervisory endorsement, and Department Director approval, a Street Maintenance Technician who meets the required qualifications of a Street Maintenance Journeyman is eligible for automatic promotion to Street Maintenance Journeyman pursuant to the City ....","https://cityofalamogordonm.munisselfservice.com/ess/EmploymentOpportunities/JobDetail.aspx?req=260106&sreq=1&form=GEN&desc=STREET%20MAINTENANCE%20TECHNICIAN","2026-08-07","08/21/2026","City of Alamogordo","$18.51/hr and up","INTERNAL & EXTERNAL","","PW STREET STAFF","Alamogordo","NM","USA","Tyler Technologies - Munis Self Service (ESS)"
"260107-1","STREET MAINTENANCE WORKER","POSITION SUMMARYUnder general supervision, performs daily work assignments for the Street Maintenance Division of the Public Works Department, in accordance with the Employee Manual, Department Policies and Procedures, City of Alamogordo Ordinances, and any applicable State or Federal authority.ADVANCEMENT OPPORTUNITIESWith supervisory endorsement, and Department Director approval, a Street Maintenance Worker who meets the required qualifications of a Street Maintenance Technician is eligible for automatic promotion to Street Maintenance Technician pursuant to the City of A....","https://cityofalamogordonm.munisselfservice.com/ess/EmploymentOpportunities/JobDetail.aspx?req=260107&sreq=1&form=GEN&desc=STREET%20MAINTENANCE%20WORKER","2026-08-07","08/21/2026","City of Alamogordo","$16.95/hr and up","INTERNAL & EXTERNAL","","PW STREET STAFF","Alamogordo","NM","USA","Tyler Technologies - Munis Self Service (ESS)"
"260108-1","STREET MAINTENANCE JOURNEYMAN","POSITION SUMMARYUnder general supervision, performs daily work assignments for the Street Maintenance Division of the Public Works Department, in accordance with the Employee Manual, Department Policies and Procedures, City of Alamogordo Ordinances, and any applicable State or Federal authority.RECRUITMENT QUALIFICATIONSRequired at the time of hire:• High School Diploma or GED equivalent;• Three (3) years of industry experience in concrete/asphalt work or street maintenance, signage, striping;• Traffic Control Supervisor (TCS) certification;• Successful ....","https://cityofalamogordonm.munisselfservice.com/ess/EmploymentOpportunities/JobDetail.aspx?req=260108&sreq=1&form=GEN&desc=STREET%20MAINTENANCE%20JOURNEYMAN","2026-08-07","08/21/2026","City of Alamogordo","$20.21/hr and up","INTERNAL & EXTERNAL","","PW STREET STAFF","Alamogordo","NM","USA","Tyler Technologies - Munis Self Service (ESS)"
"260111-1","WATER PRODUCTION OPERATOR I","POSITION SUMMARYUnder general supervision, performs daily work assignments for the Water Production Division of the Utilities Department in accordance with the Employee Manual, Department Policies and Procedures, City of Alamogordo Ordinances, and any applicable State or Federal authority.ADVANCEMENT OPPORTUNITIESWith a supervisory endorsement and Department Director approval, Water Production Operator I employees who have met the required qualifications for a Water Production Operator II position are eligible for automatic promotion to the Water Production Operator II posi....","https://cityofalamogordonm.munisselfservice.com/ess/EmploymentOpportunities/JobDetail.aspx?req=260111&sreq=1&form=GEN&desc=WATER%20PRODUCTION%20OPERATOR%20I","2026-08-07","08/21/2026","City of Alamogordo","$23.00/hr and up","INTERNAL & EXTERNAL","","WATER PRODUCTION STAFF","Alamogordo","NM","USA","Tyler Technologies - Munis Self Service (ESS)"
"260112-1","WATER PRODUCTION OPERATOR II","POSITION SUMMARYUnder general supervision, performs daily work assignments for the Water Production Division of the Utilities Department in accordance with the Employee Manual, Department Policies and Procedures, City of Alamogordo Ordinances, and any applicable State or Federal authority.ADVANCEMENT OPPORTUNITIESWith a supervisory endorsement and Department Director approval, Water Production Operator II employees who have met the required qualifications for a Water Production Operator III position are eligible for automatic promotion to the Water Production Operator III p....","https://cityofalamogordonm.munisselfservice.com/ess/EmploymentOpportunities/JobDetail.aspx?req=260112&sreq=1&form=GEN&desc=WATER%20PRODUCTION%20OPERATOR%20II","2026-08-07","08/21/2026","City of Alamogordo","$26.00/hr and up","INTERNAL & EXTERNAL","","WATER PRODUCTION STAFF","Alamogordo","NM","USA","Tyler Technologies - Munis Self Service (ESS)"
"260113-1","WATER PRODUCTION OPERATOR III","POSITION SUMMARYUnder general supervision, performs daily work assignments for the Water Production Division of the Utilities Department in accordance with the Employee Manual, Department Policies and Procedures, City of Alamogordo Ordinances, and any applicable State or Federal authority.ADVANCEMENT OPPORTUNITIESWith a supervisory endorsement and Department Director approval, Water Production Operator III employees who have met the required qualifications for a Water Production Journeyman Operator position are eligible for automatic promotion to the Water Production Journe....","https://cityofalamogordonm.munisselfservice.com/ess/EmploymentOpportunities/JobDetail.aspx?req=260113&sreq=1&form=GEN&desc=WATER%20PRODUCTION%20OPERATOR%20III","2026-08-07","08/21/2026","City of Alamogordo","$30.00/hr and up","INTERNAL & EXTERNAL","","WATER PRODUCTION STAFF","Alamogordo","NM","USA","Tyler Technologies - Munis Self Service (ESS)"
"260114-1","UTILITY MAINTENANCE OPERATOR TRAINEE","POSITION SUMMARYUnder general supervision, performs daily work assignments for the Utility Maintenance Division of the Utilities Department in accordance with the Employee Manual, Department Policies and Procedures, City of Alamogordo Ordinances, and any applicable State or Federal authorityADVANCEMENT OPPORTUNITIESWith a supervisory endorsement and Department Director approval, a Utility Maintenance Operator Trainee who meets the required qualifications of a Utility Maintenance Operator I is eligible for automatic promotion to Utility Maintenance Operator I pursuant to the....","https://cityofalamogordonm.munisselfservice.com/ess/EmploymentOpportunities/JobDetail.aspx?req=260114&sreq=1&form=GEN&desc=UTILITY%20MAINTENANCE%20OPERATOR%20TRAINEE","2026-08-07","08/21/2026","City of Alamogordo","","INTERNAL & EXTERNAL","","UTLITY MAINTENANCE STAFF","Alamogordo","NM","USA","Tyler Technologies - Munis Self Service (ESS)"
"260115-1","UTILITY MAINTENANCE OPERATOR I","POSITION SUMMARYUnder general supervision, performs daily work assignments for the Utility Maintenance Division of the Utilities Department in accordance with the Employee Manual, Department Policies and Procedures, City of Alamogordo Ordinances, and any applicable State or Federal authorityADVANCEMENT OPPORTUNITIESWith a supervisory endorsement and Department Director approval, a Utility Maintenance Operator I who meets the required qualifications of a Utility Maintenance Operator II is eligible for automatic promotion to Utility Maintenance Operator II pursuant to the Cit....","https://cityofalamogordonm.munisselfservice.com/ess/EmploymentOpportunities/JobDetail.aspx?req=260115&sreq=1&form=GEN&desc=UTILITY%20MAINTENANCE%20OPERATOR%20I","2026-08-07","08/21/2026","City of Alamogordo","","INTERNAL & EXTERNAL","","UTLITY MAINTENANCE STAFF","Alamogordo","NM","USA","Tyler Technologies - Munis Self Service (ESS)"
"260116-1","UTILITY MAINTENANCE OPERATOR II","POSITION SUMMARYUnder general supervision, performs daily work assignments for the Utility Maintenance Division of the Utilities Department in accordance with the Employee Manual, Department Policies and Procedures, City of Alamogordo Ordinances, and any applicable State or Federal authorityADVANCEMENT OPPORTUNITIESWith a supervisory endorsement and Department Director approval, a Utility Maintenance Operator II who meets the required qualifications of a Utility Maintenance Journeyman Operator is eligible for automatic promotion to Utility Maintenance Journeyman Operator pu....","https://cityofalamogordonm.munisselfservice.com/ess/EmploymentOpportunities/JobDetail.aspx?req=260116&sreq=1&form=GEN&desc=UTILITY%20MAINTENANCE%20OPERATOR%20II","2026-08-07","08/21/2026","City of Alamogordo","","INTERNAL & EXTERNAL","","UTLITY MAINTENANCE STAFF","Alamogordo","NM","USA","Tyler Technologies - Munis Self Service (ESS)"
"260117-1","UTILITY MAINTENANCE JOURNEYMAN OPERATOR","POSITION SUMMARYUnder general supervision, performs daily work assignments for the Utility Maintenance Division of the Utilities Department in accordance with the Employee Manual, Department Policies and Procedures, City of Alamogordo Ordinances, and any applicable State or Federal authority.RECRUITMENT QUALIFICATIONSRequired:• High School Diploma or GED;• Valid Distribution Systems 3 (DS3) and Collection Systems 2 (CS2) certifications* issued by the New Mexico Water Quality Control Commission; and• Valid New Mexico Driver’s License with a driving record acce....","https://cityofalamogordonm.munisselfservice.com/ess/EmploymentOpportunities/JobDetail.aspx?req=260117&sreq=1&form=GEN&desc=UTILITY%20MAINTENANCE%20JOURNEYMAN%20OPERATOR","2026-08-07","08/21/2026","City of Alamogordo","","INTERNAL & EXTERNAL","","UTLITY MAINTENANCE STAFF","Alamogordo","NM","USA","Tyler Technologies - Munis Self Service (ESS)"
"260118-1","WATER PRODUCTION JOURNEYMAN OPERATOR","POSITION SUMMARYUnder general supervision, performs daily work assignments for the Water Production Division of the Utilities Department in accordance with the Employee Manual, Department Policies and Procedures, City of Alamogordo Ordinances, and any applicable State or Federal authority.RECRUITMENT QUALIFICATIONSRequired at the time of hire:• High School Diploma or GED equivalent;• Current Water Supply Level 4 (WS4) certification* issued by the New Mexico Water Quality Control Commission; and • Valid New Mexico Driver’s License with a driving record accepta....","https://cityofalamogordonm.munisselfservice.com/ess/EmploymentOpportunities/JobDetail.aspx?req=260118&sreq=1&form=GEN&desc=WATER%20PRODUCTION%20JOURNEYMAN%20OPERATOR","2026-08-07","08/21/2026","City of Alamogordo","","INTERNAL & EXTERNAL","","WATER PRODUCTION STAFF","Alamogordo","NM","USA","Tyler Technologies - Munis Self Service (ESS)"
"260120-1","COMMUNITY EVENTS & MAINTENANCE (PT)","POSITION SUMMARYUnder general supervision, performs daily work assignments for the Community Events Division of the Community Services Department in accordance with the Employee Manual, Department Policies and Procedures, City of Alamogordo Ordinances, and any applicable State or Federal authority.RECRUITMENT QUALIFICATIONSRequired:• High school diploma or equivalent;• One (1) year of building maintenance and/or janitorial experience;• Valid New Mexico Driver’s License, with a driving record acceptable to the City of Alamogordo;• Or any equivalent combin....","https://cityofalamogordonm.munisselfservice.com/ess/EmploymentOpportunities/JobDetail.aspx?req=260120&sreq=1&form=GEN&desc=COMMUNITY%20EVENTS%20%26%20MAINTENANCE%20(PT)","2026-08-11","","City of Alamogordo","$16.22/hr and up","INTERNAL & EXTERNAL","","CIVIC CENTER STAFF","Alamogordo","NM","USA","Tyler Technologies - Munis Self Service (ESS)"
"260121-1","COMMUNITY EVENTS & MAINTENANCE (FT)","POSITION SUMMARYUnder general supervision, performs daily work assignments for the Community Events Division of the Community Services Department in accordance with the Employee Manual, Department Policies and Procedures, City of Alamogordo Ordinances, and any applicable State or Federal authority.RECRUITMENT QUALIFICATIONSRequired:• High school diploma or equivalent;• One (1) year of building maintenance and/or janitorial experience;• Valid New Mexico Driver’s License, with a driving record acceptable to the City of Alamogordo;• Or any equivalent combin....","https://cityofalamogordonm.munisselfservice.com/ess/EmploymentOpportunities/JobDetail.aspx?req=260121&sreq=1&form=GEN&desc=COMMUNITY%20EVENTS%20%26%20MAINTENANCE%20(FT)","2026-08-11","","City of Alamogordo","$16.22/hr and up","INTERNAL & EXTERNAL","","CIVIC CENTER STAFF","Alamogordo","NM","USA","Tyler Technologies - Munis Self Service (ESS)"